mpg,cylinders,displacement,horsepower,weight,acceleration,model year,origin,car name,accelerationToWeightRatio
18.0,8,307.0,130.0,3504,12.0,70,1,chevrolet chevelle malibu,0.0034246575342465
15.0,8,350.0,165.0,3693,11.5,70,1,buick skylark 320,0.0031139994584348
18.0,8,318.0,150.0,3436,11.0,70,1,plymouth satellite,0.0032013969732246
16.0,8,304.0,150.0,3433,12.0,70,1,amc rebel sst,0.0034954849985435
17.0,8,302.0,140.0,3449,10.5,70,1,ford torino,0.0030443606842563
15.0,8,429.0,198.0,4341,10.0,70,1,ford galaxie 500,0.0023036166781847
14.0,8,454.0,220.0,4354,9.0,70,1,chevrolet impala,0.0020670647680293
14.0,8,440.0,215.0,4312,8.5,70,1,plymouth fury iii,0.0019712430426716
14.0,8,455.0,225.0,4425,10.0,70,1,pontiac catalina,0.0022598870056497
15.0,8,390.0,190.0,3850,8.5,70,1,amc ambassador dpl,0.0022077922077922
23.514572864321607,4,133.0,115.0,3090,17.5,70,2,citroen ds-21 pallas,0.0056634304207119
23.514572864321607,8,350.0,165.0,4142,11.5,70,1,chevrolet chevelle concours (sw),0.0027764365041042
23.514572864321607,8,351.0,153.0,4034,11.0,70,1,ford torino (sw),0.0027268220128904
23.514572864321607,8,383.0,175.0,4166,10.5,70,1,plymouth satellite (sw),0.0025204032645223
23.514572864321607,8,360.0,175.0,3850,11.0,70,1,amc rebel sst (sw),0.0028571428571428
15.0,8,383.0,170.0,3563,10.0,70,1,dodge challenger se,0.0028066236317709
14.0,8,340.0,160.0,3609,8.0,70,1,plymouth 'cuda 340,0.0022166805209199
23.514572864321607,8,302.0,140.0,3353,8.0,70,1,ford mustang boss 302,0.0023859230539815
15.0,8,400.0,150.0,3761,9.5,70,1,chevrolet monte carlo,0.0025259239563945
14.0,8,455.0,225.0,3086,10.0,70,1,buick estate wagon (sw),0.0032404406999351
24.0,4,113.0,95.0,2372,15.0,70,3,toyota corona mark ii,0.0063237774030354
22.0,6,198.0,95.0,2833,15.5,70,1,plymouth duster,0.0054712319096364
18.0,6,199.0,97.0,2774,15.5,70,1,amc hornet,0.0055875991348233
21.0,6,200.0,85.0,2587,16.0,70,1,ford maverick,0.0061847700038654
27.0,4,97.0,88.0,2130,14.5,70,3,datsun pl510,0.0068075117370892
26.0,4,97.0,46.0,1835,20.5,70,2,volkswagen 1131 deluxe sedan,0.0111716621253406
25.0,4,110.0,87.0,2672,17.5,70,2,peugeot 504,0.0065494011976047
24.0,4,107.0,90.0,2430,14.5,70,2,audi 100 ls,0.0059670781893004
25.0,4,104.0,95.0,2375,17.5,70,2,saab 99e,0.0073684210526315
26.0,4,121.0,113.0,2234,12.5,70,2,bmw 2002,0.0055953446732318
21.0,6,199.0,90.0,2648,15.0,70,1,amc gremlin,0.0056646525679758
10.0,8,360.0,215.0,4615,14.0,70,1,ford f250,0.0030335861321776
10.0,8,307.0,200.0,4376,15.0,70,1,chevy c20,0.0034277879341864
11.0,8,318.0,210.0,4382,13.5,70,1,dodge d200,0.0030807850296668
9.0,8,304.0,193.0,4732,18.5,70,1,hi 1200d,0.003909551986475
27.0,4,97.0,88.0,2130,14.5,71,3,datsun pl510,0.0068075117370892
28.0,4,140.0,90.0,2264,15.5,71,1,chevrolet vega 2300,0.0068462897526501
25.0,4,113.0,95.0,2228,14.0,71,3,toyota corona,0.0062836624775583
25.0,4,98.0,105.0825,2046,19.0,71,1,ford pinto,0.0092864125122189
23.514572864321607,4,97.0,48.0,1978,20.0,71,2,volkswagen super beetle 117,0.0101112234580384
19.0,6,232.0,100.0,2634,13.0,71,1,amc gremlin,0.0049354593773728
16.0,6,225.0,105.0,3439,15.5,71,1,plymouth satellite custom,0.0045071241640011
17.0,6,250.0,100.0,3329,15.5,71,1,chevrolet chevelle malibu,0.0046560528687293
19.0,6,250.0,88.0,3302,15.5,71,1,ford torino 500,0.0046941247728649
18.0,6,232.0,100.0,3288,15.5,71,1,amc matador,0.0047141119221411
14.0,8,350.0,165.0,4209,12.0,71,1,chevrolet impala,0.0028510334996436
14.0,8,400.0,175.0,4464,11.5,71,1,pontiac catalina brougham,0.0025761648745519
14.0,8,351.0,153.0,4154,13.5,71,1,ford galaxie 500,0.0032498796340876
14.0,8,318.0,150.0,4096,13.0,71,1,plymouth fury iii,0.003173828125
12.0,8,383.0,180.0,4955,11.5,71,1,dodge monaco (sw),0.0023208879919273
13.0,8,400.0,170.0,4746,12.0,71,1,ford country squire (sw),0.0025284450063211
13.0,8,400.0,175.0,5140,12.0,71,1,pontiac safari (sw),0.0023346303501945
18.0,6,258.0,110.0,2962,13.5,71,1,amc hornet sportabout (sw),0.0045577312626603
22.0,4,140.0,72.0,2408,19.0,71,1,chevrolet vega (sw),0.0078903654485049
19.0,6,250.0,100.0,3282,15.0,71,1,pontiac firebird,0.0045703839122486
18.0,6,250.0,88.0,3139,14.5,71,1,ford mustang,0.0046193055113093
23.0,4,122.0,86.0,2220,14.0,71,1,mercury capri 2000,0.0063063063063063
28.0,4,116.0,90.0,2123,14.0,71,2,opel 1900,0.0065944418276024
30.0,4,79.0,70.0,2074,19.5,71,2,peugeot 304,0.0094021215043394
30.0,4,88.0,76.0,2065,14.5,71,2,fiat 124b,0.0070217917675544
31.0,4,71.0,65.0,1773,19.0,71,3,toyota corolla 1200,0.0107163000564015
35.0,4,72.0,69.0,1613,18.0,71,3,datsun 1200,0.0111593304401735
27.0,4,97.0,60.0,1834,19.0,71,2,volkswagen model 111,0.010359869138495
26.0,4,91.0,70.0,1955,20.5,71,1,plymouth cricket,0.0104859335038363
24.0,4,113.0,95.0,2278,15.5,72,3,toyota corona hardtop,0.0068042142230026
25.0,4,97.5,80.0,2126,17.0,72,1,dodge colt hardtop,0.0079962370649106
23.0,4,97.0,54.0,2254,23.5,72,2,volkswagen type 3,0.0104259094942324
20.0,4,140.0,90.0,2408,19.5,72,1,chevrolet vega,0.0080980066445182
21.0,4,122.0,86.0,2226,16.5,72,1,ford pinto runabout,0.0074123989218328
13.0,8,350.0,165.0,4274,12.0,72,1,chevrolet impala,0.00280767430978
14.0,8,400.0,175.0,4385,12.0,72,1,pontiac catalina,0.0027366020524515
15.0,8,318.0,150.0,4135,13.5,72,1,plymouth fury iii,0.0032648125755743
14.0,8,351.0,153.0,4129,13.0,72,1,ford galaxie 500,0.0031484620973601
17.0,8,304.0,150.0,3672,11.5,72,1,amc ambassador sst,0.0031318082788671
11.0,8,429.0,208.0,4633,11.0,72,1,mercury marquis,0.0023742715303259
13.0,8,350.0,155.0,4502,13.5,72,1,buick lesabre custom,0.002998667258996
12.0,8,350.0,160.0,4456,13.5,72,1,oldsmobile delta 88 royale,0.0030296229802513
13.0,8,400.0,190.0,4422,12.5,72,1,chrysler newport royal,0.0028267752148349
19.0,3,70.0,97.0,2330,13.5,72,3,mazda rx2 coupe,0.005793991416309
15.0,8,304.0,150.0,3892,12.5,72,1,amc matador (sw),0.0032117163412127
13.0,8,307.0,130.0,4098,14.0,72,1,chevrolet chevelle concours (sw),0.0034163006344558
13.0,8,302.0,140.0,4294,16.0,72,1,ford gran torino (sw),0.0037261294829995
14.0,8,318.0,150.0,4077,14.0,72,1,plymouth satellite custom (sw),0.0034338974736325
18.0,4,121.0,112.0,2933,14.5,72,2,volvo 145e (sw),0.004943743607228
22.0,4,121.0,76.0,2511,18.0,72,2,volkswagen 411 (sw),0.007168458781362
21.0,4,120.0,87.0,2979,19.5,72,2,peugeot 504 (sw),0.0065458207452165
26.0,4,96.0,69.0,2189,18.0,72,2,renault 12 (sw),0.0082229328460484
22.0,4,122.0,86.0,2395,16.0,72,1,ford pinto (sw),0.0066805845511482
28.0,4,97.0,92.0,2288,17.0,72,3,datsun 510 (sw),0.0074300699300699
23.0,4,120.0,97.0,2506,14.5,72,3,toyouta corona mark ii (sw),0.0057861133280127
28.0,4,98.0,80.0,2164,15.0,72,1,dodge colt (sw),0.0069316081330868
27.0,4,97.0,88.0,2100,16.5,72,3,toyota corolla 1600 (sw),0.0078571428571428
13.0,8,350.0,175.0,4100,13.0,73,1,buick century 350,0.003170731707317
14.0,8,304.0,150.0,3672,11.5,73,1,amc matador,0.0031318082788671
13.0,8,350.0,145.0,3988,13.0,73,1,chevrolet malibu,0.003259779338014
14.0,8,302.0,137.0,4042,14.5,73,1,ford gran torino,0.0035873330034636
15.0,8,318.0,150.0,3777,12.5,73,1,dodge coronet custom,0.0033095048980672
12.0,8,429.0,198.0,4952,11.5,73,1,mercury marquis brougham,0.0023222940226171
13.0,8,400.0,150.0,4464,12.0,73,1,chevrolet caprice classic,0.0026881720430107
13.0,8,351.0,158.0,4363,13.0,73,1,ford ltd,0.0029796011918404
14.0,8,318.0,150.0,4237,14.5,73,1,plymouth fury gran sedan,0.0034222327118244
13.0,8,440.0,215.0,4735,11.0,73,1,chrysler new yorker brougham,0.0023231256599788
12.0,8,455.0,225.0,4951,11.0,73,1,buick electra 225 custom,0.0022217733791153
13.0,8,360.0,175.0,3821,11.0,73,1,amc ambassador brougham,0.0028788275320596
18.0,6,225.0,105.0,3121,16.5,73,1,plymouth valiant,0.0052867670618391
16.0,6,250.0,100.0,3278,18.0,73,1,chevrolet nova custom,0.0054911531421598
18.0,6,232.0,100.0,2945,16.0,73,1,amc hornet,0.0054329371816638
18.0,6,250.0,88.0,3021,16.5,73,1,ford maverick,0.0054617676266137
23.0,6,198.0,95.0,2904,16.0,73,1,plymouth duster,0.0055096418732782
26.0,4,97.0,46.0,1950,21.0,73,2,volkswagen super beetle,0.0107692307692307
11.0,8,400.0,150.0,4997,14.0,73,1,chevrolet impala,0.0028016810086051
12.0,8,400.0,167.0,4906,12.5,73,1,ford country,0.0025479005299633
13.0,8,360.0,170.0,4654,13.0,73,1,plymouth custom suburb,0.0027932960893854
12.0,8,350.0,180.0,4499,12.5,73,1,oldsmobile vista cruiser,0.002778395198933
18.0,6,232.0,100.0,2789,15.0,73,1,amc gremlin,0.0053782717820007
20.0,4,97.0,88.0,2279,19.0,73,3,toyota carina,0.0083369899078543
21.0,4,140.0,72.0,2401,19.5,73,1,chevrolet vega,0.0081216159933361
22.0,4,108.0,94.0,2379,16.5,73,3,datsun 610,0.0069356872635561
18.0,3,70.0,90.0,2124,13.5,73,3,maxda rx3,0.0063559322033898
19.0,4,122.0,85.0,2310,18.5,73,1,ford pinto,0.008008658008658
21.0,6,155.0,107.0,2472,14.0,73,1,mercury capri v6,0.0056634304207119
26.0,4,98.0,90.0,2265,15.5,73,2,fiat 124 sport coupe,0.0068432671081677
15.0,8,350.0,145.0,4082,13.0,73,1,chevrolet monte carlo s,0.0031847133757961
16.0,8,400.0,230.0,4278,9.5,73,1,pontiac grand prix,0.0022206638616175
29.0,4,68.0,49.0,1867,19.5,73,2,fiat 128,0.0104445634708087
24.0,4,116.0,75.0,2158,15.5,73,2,opel manta,0.0071825764596848
20.0,4,114.0,91.0,2582,14.0,73,2,audi 100ls,0.005422153369481
19.0,4,121.0,112.0,2868,15.5,73,2,volvo 144ea,0.0054044630404463
15.0,8,318.0,150.0,3399,11.0,73,1,dodge dart custom,0.0032362459546925
24.0,4,121.0,110.0,2660,14.0,73,2,saab 99le,0.0052631578947368
20.0,6,156.0,122.0,2807,13.5,73,3,toyota mark ii,0.0048094050587816
11.0,8,350.0,180.0,3664,11.0,73,1,oldsmobile omega,0.0030021834061135
20.0,6,198.0,95.0,3102,16.5,74,1,plymouth duster,0.0053191489361702
21.0,6,200.0,105.0825,2875,17.0,74,1,ford maverick,0.0059130434782608
19.0,6,232.0,100.0,2901,16.0,74,1,amc hornet,0.0055153395380903
15.0,6,250.0,100.0,3336,17.0,74,1,chevrolet nova,0.0050959232613908
31.0,4,79.0,67.0,1950,19.0,74,3,datsun b210,0.0097435897435897
26.0,4,122.0,80.0,2451,16.5,74,1,ford pinto,0.0067319461444308
32.0,4,71.0,65.0,1836,21.0,74,3,toyota corolla 1200,0.011437908496732
25.0,4,140.0,75.0,2542,17.0,74,1,chevrolet vega,0.0066876475216365
16.0,6,250.0,100.0,3781,17.0,74,1,chevrolet chevelle malibu classic,0.0044961650357048
16.0,6,258.0,110.0,3632,18.0,74,1,amc matador,0.0049559471365638
18.0,6,225.0,105.0,3613,16.5,74,1,plymouth satellite sebring,0.0045668419595903
16.0,8,302.0,140.0,4141,14.0,74,1,ford gran torino,0.0033808258874667
13.0,8,350.0,150.0,4699,14.5,74,1,buick century luxus (sw),0.0030857629282826
14.0,8,318.0,150.0,4457,13.5,74,1,dodge coronet custom (sw),0.0030289432353601
14.0,8,302.0,140.0,4638,16.0,74,1,ford gran torino (sw),0.0034497628288055
14.0,8,304.0,150.0,4257,15.5,74,1,amc matador (sw),0.0036410617805966
29.0,4,98.0,83.0,2219,16.5,74,2,audi fox,0.0074357818837314
26.0,4,79.0,67.0,1963,15.5,74,2,volkswagen dasher,0.0078960774325012
26.0,4,97.0,78.0,2300,14.5,74,2,opel manta,0.0063043478260869
31.0,4,76.0,52.0,1649,16.5,74,3,toyota corona,0.0100060642813826
32.0,4,83.0,61.0,2003,19.0,74,3,datsun 710,0.0094857713429855
28.0,4,90.0,75.0,2125,14.5,74,1,dodge colt,0.0068235294117647
24.0,4,90.0,75.0,2108,15.5,74,2,fiat 128,0.0073529411764705
26.0,4,116.0,75.0,2246,14.0,74,2,fiat 124 tc,0.0062333036509349
24.0,4,120.0,97.0,2489,15.0,74,3,honda civic,0.0060265166733627
26.0,4,108.0,93.0,2391,15.5,74,3,subaru,0.0064826432455039
31.0,4,79.0,67.0,2000,16.0,74,2,fiat x1.9,0.008
19.0,6,225.0,95.0,3264,16.0,75,1,plymouth valiant custom,0.0049019607843137
18.0,6,250.0,105.0,3459,16.0,75,1,chevrolet nova,0.0046256143394044
15.0,6,250.0,72.0,3432,21.0,75,1,mercury monarch,0.0061188811188811
15.0,6,250.0,72.0,3158,19.5,75,1,ford maverick,0.0061747941735275
16.0,8,400.0,170.0,4668,11.5,75,1,pontiac catalina,0.0024635818337617
15.0,8,350.0,145.0,4440,14.0,75,1,chevrolet bel air,0.0031531531531531
16.0,8,318.0,150.0,4498,14.5,75,1,plymouth grand fury,0.003223654957759
14.0,8,351.0,148.0,4657,13.5,75,1,ford ltd,0.00289886192828
17.0,6,231.0,110.0,3907,21.0,75,1,buick century,0.0053749680061428
16.0,6,250.0,105.0,3897,18.5,75,1,chevroelt chevelle malibu,0.0047472414677957
15.0,6,258.0,110.0,3730,19.0,75,1,amc matador,0.0050938337801608
18.0,6,225.0,95.0,3785,19.0,75,1,plymouth fury,0.0050198150594451
21.0,6,231.0,110.0,3039,15.0,75,1,buick skyhawk,0.0049358341559723
20.0,8,262.0,110.0,3221,13.5,75,1,chevrolet monza 2+2,0.0041912449549829
13.0,8,302.0,129.0,3169,12.0,75,1,ford mustang ii,0.003786683496371
29.0,4,97.0,75.0,2171,16.0,75,3,toyota corolla,0.0073698756333486
23.0,4,140.0,83.0,2639,17.0,75,1,ford pinto,0.0064418340280409
20.0,6,232.0,100.0,2914,16.0,75,1,amc gremlin,0.005490734385724
23.0,4,140.0,78.0,2592,18.5,75,1,pontiac astro,0.0071373456790123
24.0,4,134.0,96.0,2702,13.5,75,3,toyota corona,0.0049962990377498
25.0,4,90.0,71.0,2223,16.5,75,2,volkswagen dasher,0.0074224021592442
24.0,4,119.0,97.0,2545,17.0,75,3,datsun 710,0.0066797642436149
18.0,6,171.0,97.0,2984,14.5,75,1,ford pinto,0.0048592493297587
29.0,4,90.0,70.0,1937,14.0,75,2,volkswagen rabbit,0.0072276716572018
19.0,6,232.0,90.0,3211,17.0,75,1,amc pacer,0.0052943008408595
23.0,4,115.0,95.0,2694,15.0,75,2,audi 100ls,0.0055679287305122
23.0,4,120.0,88.0,2957,17.0,75,2,peugeot 504,0.0057490700033818
22.0,4,121.0,98.0,2945,14.5,75,2,volvo 244dl,0.0049235993208828
25.0,4,121.0,115.0,2671,13.5,75,2,saab 99le,0.005054286783976
33.0,4,91.0,53.0,1795,17.5,75,3,honda civic cvcc,0.0097493036211699
28.0,4,107.0,86.0,2464,15.5,76,2,fiat 131,0.0062905844155844
25.0,4,116.0,81.0,2220,16.9,76,2,opel 1900,0.0076126126126126
25.0,4,140.0,92.0,2572,14.9,76,1,capri ii,0.0057931570762052
26.0,4,98.0,79.0,2255,17.7,76,1,dodge colt,0.0078492239467849
27.0,4,101.0,83.0,2202,15.3,76,2,renault 12tl,0.0069482288828337
17.5,8,305.0,140.0,4215,13.0,76,1,chevrolet chevelle malibu classic,0.0030842230130486
16.0,8,318.0,150.0,4190,13.0,76,1,dodge coronet brougham,0.0031026252983293
15.5,8,304.0,120.0,3962,13.9,76,1,amc matador,0.0035083291267036
14.5,8,351.0,152.0,4215,12.8,76,1,ford gran torino,0.0030367734282325
22.0,6,225.0,100.0,3233,15.4,76,1,plymouth valiant,0.0047633776678008
22.0,6,250.0,105.0,3353,14.5,76,1,chevrolet nova,0.0043244855353414
24.0,6,200.0,81.0,3012,17.6,76,1,ford maverick,0.0058432934926958
22.5,6,232.0,90.0,3085,17.6,76,1,amc hornet,0.0057050243111831
29.0,4,85.0,52.0,2035,22.2,76,1,chevrolet chevette,0.0109090909090909
24.5,4,98.0,60.0,2164,22.1,76,1,chevrolet woody,0.0102125693160813
29.0,4,90.0,70.0,1937,14.2,76,2,vw rabbit,0.0073309241094475
33.0,4,91.0,53.0,1795,17.4,76,3,honda civic,0.0096935933147632
20.0,6,225.0,100.0,3651,17.7,76,1,dodge aspen se,0.004847986852917
18.0,6,250.0,78.0,3574,21.0,76,1,ford granada ghia,0.0058757694459988
18.5,6,250.0,110.0,3645,16.2,76,1,pontiac ventura sj,0.0044444444444444
17.5,6,258.0,95.0,3193,17.8,76,1,amc pacer d/l,0.0055746946445349
29.5,4,97.0,71.0,1825,12.2,76,2,volkswagen rabbit,0.0066849315068493
32.0,4,85.0,70.0,1990,17.0,76,3,datsun b-210,0.0085427135678391
28.0,4,97.0,75.0,2155,16.4,76,3,toyota corolla,0.0076102088167053
26.5,4,140.0,72.0,2565,13.6,76,1,ford pinto,0.0053021442495126
20.0,4,130.0,102.0,3150,15.7,76,2,volvo 245,0.0049841269841269
13.0,8,318.0,150.0,3940,13.2,76,1,plymouth volare premier v8,0.0033502538071065
19.0,4,120.0,88.0,3270,21.9,76,2,peugeot 504,0.006697247706422
19.0,6,156.0,108.0,2930,15.5,76,3,toyota mark ii,0.0052901023890784
16.5,6,168.0,120.0,3820,16.7,76,2,mercedes-benz 280s,0.004371727748691
16.5,8,350.0,180.0,4380,12.1,76,1,cadillac seville,0.0027625570776255
13.0,8,350.0,145.0,4055,12.0,76,1,chevy c10,0.0029593094944512
13.0,8,302.0,130.0,3870,15.0,76,1,ford f108,0.003875968992248
13.0,8,318.0,150.0,3755,14.0,76,1,dodge d100,0.0037283621837549
31.5,4,98.0,68.0,2045,18.5,77,3,honda accord cvcc,0.0090464547677261
30.0,4,111.0,80.0,2155,14.8,77,1,buick opel isuzu deluxe,0.0068677494199535
36.0,4,79.0,58.0,1825,18.6,77,2,renault 5 gtl,0.0101917808219178
25.5,4,122.0,96.0,2300,15.5,77,1,plymouth arrow gs,0.0067391304347826
33.5,4,85.0,70.0,1945,16.8,77,3,datsun f-10 hatchback,0.008637532133676
17.5,8,305.0,145.0,3880,12.5,77,1,chevrolet caprice classic,0.003221649484536
17.0,8,260.0,110.0,4060,19.0,77,1,oldsmobile cutlass supreme,0.004679802955665
15.5,8,318.0,145.0,4140,13.7,77,1,dodge monaco brougham,0.0033091787439613
15.0,8,302.0,130.0,4295,14.9,77,1,mercury cougar brougham,0.0034691501746216
17.5,6,250.0,110.0,3520,16.4,77,1,chevrolet concours,0.0046590909090909
20.5,6,231.0,105.0,3425,16.9,77,1,buick skylark,0.004934306569343
19.0,6,225.0,100.0,3630,17.7,77,1,plymouth volare custom,0.0048760330578512
18.5,6,250.0,98.0,3525,19.0,77,1,ford granada,0.0053900709219858
16.0,8,400.0,180.0,4220,11.1,77,1,pontiac grand prix lj,0.0026303317535545
15.5,8,350.0,170.0,4165,11.4,77,1,chevrolet monte carlo landau,0.0027370948379351
15.5,8,400.0,190.0,4325,12.2,77,1,chrysler cordoba,0.0028208092485549
16.0,8,351.0,149.0,4335,14.5,77,1,ford thunderbird,0.0033448673587081
29.0,4,97.0,78.0,1940,14.5,77,2,volkswagen rabbit custom,0.0074742268041237
24.5,4,151.0,88.0,2740,16.0,77,1,pontiac sunbird coupe,0.0058394160583941
26.0,4,97.0,75.0,2265,18.2,77,3,toyota corolla liftback,0.0080353200883002
25.5,4,140.0,89.0,2755,15.8,77,1,ford mustang ii 2+2,0.0057350272232304
30.5,4,98.0,63.0,2051,17.0,77,1,chevrolet chevette,0.008288639687957
33.5,4,98.0,83.0,2075,15.9,77,1,dodge colt m/m,0.0076626506024096
30.0,4,97.0,67.0,1985,16.4,77,3,subaru dl,0.0082619647355163
30.5,4,97.0,78.0,2190,14.1,77,2,volkswagen dasher,0.0064383561643835
22.0,6,146.0,97.0,2815,14.5,77,3,datsun 810,0.0051509769094138
21.5,4,121.0,110.0,2600,12.8,77,2,bmw 320i,0.0049230769230769
21.5,3,80.0,110.0,2720,13.5,77,3,mazda rx-4,0.0049632352941176
43.1,4,90.0,48.0,1985,21.5,78,2,volkswagen rabbit custom diesel,0.0108312342569269
36.1,4,98.0,66.0,1800,14.4,78,1,ford fiesta,0.008
32.8,4,78.0,52.0,1985,19.4,78,3,mazda glc deluxe,0.0097732997481108
39.4,4,85.0,70.0,2070,18.6,78,3,datsun b210 gx,0.0089855072463768
36.1,4,91.0,60.0,1800,16.4,78,3,honda civic cvcc,0.0091111111111111
19.9,8,260.0,110.0,3365,15.5,78,1,oldsmobile cutlass salon brougham,0.0046062407132243
19.4,8,318.0,140.0,3735,13.2,78,1,dodge diplomat,0.0035341365461847
20.2,8,302.0,139.0,3570,12.8,78,1,mercury monarch ghia,0.0035854341736694
19.2,6,231.0,105.0,3535,19.2,78,1,pontiac phoenix lj,0.0054314002828854
20.5,6,200.0,95.0,3155,18.2,78,1,chevrolet malibu,0.0057686212361331
20.2,6,200.0,85.0,2965,15.8,78,1,ford fairmont (auto),0.0053288364249578
25.1,4,140.0,88.0,2720,15.4,78,1,ford fairmont (man),0.0056617647058823
20.5,6,225.0,100.0,3430,17.2,78,1,plymouth volare,0.0050145772594752
19.4,6,232.0,90.0,3210,17.2,78,1,amc concord,0.0053582554517133
20.6,6,231.0,105.0,3380,15.8,78,1,buick century special,0.0046745562130177
20.8,6,200.0,85.0,3070,16.7,78,1,mercury zephyr,0.0054397394136807
18.6,6,225.0,110.0,3620,18.7,78,1,dodge aspen,0.0051657458563535
18.1,6,258.0,120.0,3410,15.1,78,1,amc concord d/l,0.0044281524926686
19.2,8,305.0,145.0,3425,13.2,78,1,chevrolet monte carlo landau,0.0038540145985401
17.7,6,231.0,165.0,3445,13.4,78,1,buick regal sport coupe (turbo),0.0038896952104499
18.1,8,302.0,139.0,3205,11.2,78,1,ford futura,0.0034945397815912
17.5,8,318.0,140.0,4080,13.7,78,1,dodge magnum xe,0.0033578431372549
30.0,4,98.0,68.0,2155,16.5,78,1,chevrolet chevette,0.0076566125290023
27.5,4,134.0,95.0,2560,14.2,78,3,toyota corona,0.005546875
27.2,4,119.0,97.0,2300,14.7,78,3,datsun 510,0.006391304347826
30.9,4,105.0,75.0,2230,14.5,78,1,dodge omni,0.0065022421524663
21.1,4,134.0,95.0,2515,14.8,78,3,toyota celica gt liftback,0.0058846918489065
23.2,4,156.0,105.0,2745,16.7,78,1,plymouth sapporo,0.0060837887067395
23.8,4,151.0,85.0,2855,17.6,78,1,oldsmobile starfire sx,0.0061646234676007
23.9,4,119.0,97.0,2405,14.9,78,3,datsun 200-sx,0.0061954261954261
20.3,5,131.0,103.0,2830,15.9,78,2,audi 5000,0.0056183745583038
17.0,6,163.0,125.0,3140,13.6,78,2,volvo 264gl,0.0043312101910828
21.6,4,121.0,115.0,2795,15.7,78,2,saab 99gle,0.0056171735241502
16.2,6,163.0,133.0,3410,15.8,78,2,peugeot 604sl,0.0046334310850439
31.5,4,89.0,71.0,1990,14.9,78,2,volkswagen scirocco,0.0074874371859296
29.5,4,98.0,68.0,2135,16.6,78,3,honda accord lx,0.0077751756440281
21.5,6,231.0,115.0,3245,15.4,79,1,pontiac lemans v6,0.0047457627118644
19.8,6,200.0,85.0,2990,18.2,79,1,mercury zephyr 6,0.0060869565217391
22.3,4,140.0,88.0,2890,17.3,79,1,ford fairmont 4,0.0059861591695501
20.2,6,232.0,90.0,3265,18.2,79,1,amc concord dl 6,0.0055742725880551
20.6,6,225.0,110.0,3360,16.6,79,1,dodge aspen 6,0.0049404761904761
17.0,8,305.0,130.0,3840,15.4,79,1,chevrolet caprice classic,0.0040104166666666
17.6,8,302.0,129.0,3725,13.4,79,1,ford ltd landau,0.0035973154362416
16.5,8,351.0,138.0,3955,13.2,79,1,mercury grand marquis,0.0033375474083438
18.2,8,318.0,135.0,3830,15.2,79,1,dodge st. regis,0.0039686684073107
16.9,8,350.0,155.0,4360,14.9,79,1,buick estate wagon (sw),0.0034174311926605
15.5,8,351.0,142.0,4054,14.3,79,1,ford country squire (sw),0.0035273803650715
19.2,8,267.0,125.0,3605,15.0,79,1,chevrolet malibu classic (sw),0.0041608876560332
18.5,8,360.0,150.0,3940,13.0,79,1,chrysler lebaron town @ country (sw),0.0032994923857868
31.9,4,89.0,71.0,1925,14.0,79,2,vw rabbit custom,0.0072727272727272
34.1,4,86.0,65.0,1975,15.2,79,3,maxda glc deluxe,0.0076962025316455
35.7,4,98.0,80.0,1915,14.4,79,1,dodge colt hatchback custom,0.0075195822454308
27.4,4,121.0,80.0,2670,15.0,79,1,amc spirit dl,0.0056179775280898
25.4,5,183.0,77.0,3530,20.1,79,2,mercedes benz 300d,0.0056940509915014
23.0,8,350.0,125.0,3900,17.4,79,1,cadillac eldorado,0.0044615384615384
27.2,4,141.0,71.0,3190,24.8,79,2,peugeot 504,0.0077742946708463
23.9,8,260.0,90.0,3420,22.2,79,1,oldsmobile cutlass salon brougham,0.0064912280701754
34.2,4,105.0,70.0,2200,13.2,79,1,plymouth horizon,0.0059999999999999
34.5,4,105.0,70.0,2150,14.9,79,1,plymouth horizon tc3,0.0069302325581395
31.8,4,85.0,65.0,2020,19.2,79,3,datsun 210,0.0095049504950495
37.3,4,91.0,69.0,2130,14.7,79,2,fiat strada custom,0.0069014084507042
28.4,4,151.0,90.0,2670,16.0,79,1,buick skylark limited,0.0059925093632958
28.8,6,173.0,115.0,2595,11.3,79,1,chevrolet citation,0.0043545279383429
26.8,6,173.0,115.0,2700,12.9,79,1,oldsmobile omega brougham,0.0047777777777777
33.5,4,151.0,90.0,2556,13.2,79,1,pontiac phoenix,0.0051643192488262
41.5,4,98.0,76.0,2144,14.7,80,2,vw rabbit,0.006856343283582
38.1,4,89.0,60.0,1968,18.8,80,3,toyota corolla tercel,0.0095528455284552
32.1,4,98.0,70.0,2120,15.5,80,1,chevrolet chevette,0.0073113207547169
37.2,4,86.0,65.0,2019,16.4,80,3,datsun 310,0.0081228330856859
28.0,4,151.0,90.0,2678,16.5,80,1,chevrolet citation,0.0061613144137415
26.4,4,140.0,88.0,2870,18.1,80,1,ford fairmont,0.0063066202090592
24.3,4,151.0,90.0,3003,20.1,80,1,amc concord,0.0066933066933066
19.1,6,225.0,90.0,3381,18.7,80,1,dodge aspen,0.00553090801538
34.3,4,97.0,78.0,2188,15.8,80,2,audi 4000,0.0072212065813528
29.8,4,134.0,90.0,2711,15.5,80,3,toyota corona liftback,0.0057174474363703
31.3,4,120.0,75.0,2542,17.5,80,3,mazda 626,0.0068843430369787
37.0,4,119.0,92.0,2434,15.0,80,3,datsun 510 hatchback,0.0061626951520131
32.2,4,108.0,75.0,2265,15.2,80,3,toyota corolla,0.0067108167770419
46.6,4,86.0,65.0,2110,17.9,80,3,mazda glc,0.0084834123222748
27.9,4,156.0,105.0,2800,14.4,80,1,dodge colt,0.0051428571428571
40.8,4,85.0,65.0,2110,19.2,80,3,datsun 210,0.0090995260663507
44.3,4,90.0,48.0,2085,21.7,80,2,vw rabbit c (diesel),0.0104076738609112
43.4,4,90.0,48.0,2335,23.7,80,2,vw dasher (diesel),0.0101498929336188
36.4,5,121.0,67.0,2950,19.9,80,2,audi 5000s (diesel),0.0067457627118644
30.0,4,146.0,67.0,3250,21.8,80,2,mercedes-benz 240d,0.0067076923076923
44.6,4,91.0,67.0,1850,13.8,80,3,honda civic 1500 gl,0.0074594594594594
40.9,4,85.0,105.0825,1835,17.3,80,2,renault lecar deluxe,0.0094277929155313
33.8,4,97.0,67.0,2145,18.0,80,3,subaru dl,0.0083916083916083
29.8,4,89.0,62.0,1845,15.3,80,2,vokswagen rabbit,0.0082926829268292
32.7,6,168.0,132.0,2910,11.4,80,3,datsun 280-zx,0.0039175257731958
23.7,3,70.0,100.0,2420,12.5,80,3,mazda rx-7 gs,0.0051652892561983
35.0,4,122.0,88.0,2500,15.1,80,2,triumph tr7 coupe,0.00604
23.6,4,140.0,105.0825,2905,14.3,80,1,ford mustang cobra,0.0049225473321858
32.4,4,107.0,72.0,2290,17.0,80,3,honda accord,0.0074235807860262
27.2,4,135.0,84.0,2490,15.7,81,1,plymouth reliant,0.0063052208835341
26.6,4,151.0,84.0,2635,16.4,81,1,buick skylark,0.006223908918406
25.8,4,156.0,92.0,2620,14.4,81,1,dodge aries wagon (sw),0.0054961832061068
23.5,6,173.0,110.0,2725,12.6,81,1,chevrolet citation,0.0046238532110091
30.0,4,135.0,84.0,2385,12.9,81,1,plymouth reliant,0.0054088050314465
39.1,4,79.0,58.0,1755,16.9,81,3,toyota starlet,0.0096296296296296
39.0,4,86.0,64.0,1875,16.4,81,1,plymouth champ,0.0087466666666666
35.1,4,81.0,60.0,1760,16.1,81,3,honda civic 1300,0.0091477272727272
32.3,4,97.0,67.0,2065,17.8,81,3,subaru,0.0086198547215496
37.0,4,85.0,65.0,1975,19.4,81,3,datsun 210 mpg,0.0098227848101265
37.7,4,89.0,62.0,2050,17.3,81,3,toyota tercel,0.0084390243902439
34.1,4,91.0,68.0,1985,16.0,81,3,mazda glc 4,0.0080604534005037
34.7,4,105.0,63.0,2215,14.9,81,1,plymouth horizon 4,0.006726862302483
34.4,4,98.0,65.0,2045,16.2,81,1,ford escort 4w,0.007921760391198
29.9,4,98.0,65.0,2380,20.7,81,1,ford escort 2h,0.0086974789915966
33.0,4,105.0,74.0,2190,14.2,81,2,volkswagen jetta,0.0064840182648401
34.5,4,100.0,105.0825,2320,15.8,81,2,renault 18i,0.0068103448275862
33.7,4,107.0,75.0,2210,14.4,81,3,honda prelude,0.0065158371040723
32.4,4,108.0,75.0,2350,16.8,81,3,toyota corolla,0.0071489361702127
32.9,4,119.0,100.0,2615,14.8,81,3,datsun 200sx,0.0056596558317399
31.6,4,120.0,74.0,2635,18.3,81,3,mazda 626,0.0069449715370018
28.1,4,141.0,80.0,3230,20.4,81,2,peugeot 505s turbo diesel,0.0063157894736842
23.514572864321607,4,121.0,110.0,2800,15.4,81,2,saab 900s,0.0055
30.7,6,145.0,76.0,3160,19.6,81,2,volvo diesel,0.0062025316455696
25.4,6,168.0,116.0,2900,12.6,81,3,toyota cressida,0.0043448275862068
24.2,6,146.0,120.0,2930,13.8,81,3,datsun 810 maxima,0.0047098976109215
22.4,6,231.0,110.0,3415,15.8,81,1,buick century,0.0046266471449487
26.6,8,350.0,105.0,3725,19.0,81,1,oldsmobile cutlass ls,0.0051006711409395
20.2,6,200.0,88.0,3060,17.1,81,1,ford granada gl,0.0055882352941176
17.6,6,225.0,85.0,3465,16.6,81,1,chrysler lebaron salon,0.0047907647907647
28.0,4,112.0,88.0,2605,19.6,82,1,chevrolet cavalier,0.0075239923224568
27.0,4,112.0,88.0,2640,18.6,82,1,chevrolet cavalier wagon,0.0070454545454545
34.0,4,112.0,88.0,2395,18.0,82,1,chevrolet cavalier 2-door,0.0075156576200417
31.0,4,112.0,85.0,2575,16.2,82,1,pontiac j2000 se hatchback,0.0062912621359223
29.0,4,135.0,84.0,2525,16.0,82,1,dodge aries se,0.0063366336633663
27.0,4,151.0,90.0,2735,18.0,82,1,pontiac phoenix,0.006581352833638
24.0,4,140.0,92.0,2865,16.4,82,1,ford fairmont futura,0.0057242582897033
23.0,4,151.0,105.0825,3035,20.5,82,1,amc concord dl,0.0067545304777594
36.0,4,105.0,74.0,1980,15.3,82,2,volkswagen rabbit l,0.0077272727272727
37.0,4,91.0,68.0,2025,18.2,82,3,mazda glc custom l,0.0089876543209876
31.0,4,91.0,68.0,1970,17.6,82,3,mazda glc custom,0.0089340101522842
38.0,4,105.0,63.0,2125,14.7,82,1,plymouth horizon miser,0.0069176470588235
36.0,4,98.0,70.0,2125,17.3,82,1,mercury lynx l,0.0081411764705882
36.0,4,120.0,88.0,2160,14.5,82,3,nissan stanza xe,0.0067129629629629
36.0,4,107.0,75.0,2205,14.5,82,3,honda accord,0.0065759637188208
34.0,4,108.0,70.0,2245,16.9,82,3,toyota corolla,0.0075278396436525
38.0,4,91.0,67.0,1965,15.0,82,3,honda civic,0.0076335877862595
32.0,4,91.0,67.0,1965,15.7,82,3,honda civic (auto),0.0079898218829516
38.0,4,91.0,67.0,1995,16.2,82,3,datsun 310 gx,0.0081203007518797
25.0,6,181.0,110.0,2945,16.4,82,1,buick century limited,0.0055687606112054
38.0,6,262.0,85.0,3015,17.0,82,1,oldsmobile cutlass ciera (diesel),0.0056384742951907
26.0,4,156.0,92.0,2585,14.5,82,1,chrysler lebaron medallion,0.0056092843326885
22.0,6,232.0,112.0,2835,14.7,82,1,ford granada l,0.0051851851851851
32.0,4,144.0,96.0,2665,13.9,82,3,toyota celica gt,0.0052157598499061
36.0,4,135.0,84.0,2370,13.0,82,1,dodge charger 2.2,0.0054852320675105
27.0,4,151.0,90.0,2950,17.3,82,1,chevrolet camaro,0.005864406779661
27.0,4,140.0,86.0,2790,15.6,82,1,ford mustang gl,0.0055913978494623
44.0,4,97.0,52.0,2130,24.6,82,2,vw pickup,0.0115492957746478
32.0,4,135.0,84.0,2295,11.6,82,1,dodge rampage,0.0050544662309368
28.0,4,120.0,79.0,2625,18.6,82,1,ford ranger,0.0070857142857142
31.0,4,119.0,82.0,2720,19.4,82,1,chevy s-10,0.0071323529411764
